News: Planet Hollywood Observatory to Offer Counter Service More ‘Star Presence’,http://www.disneyfoodblog.com/2017/03/23/news-planet-hollywood-observatory-to-offer-counter-service-more-star-presence/,
News: Full Menu for Satu’li Canteen in Animal Kingdom’s Pandora,http://www.disneyfoodblog.com/2017/03/23/news-full-menu-for-satuli-canteen-in-animal-kingdoms-pandora/,
Review: The NEW Cookie Cupcake at Sprinkles in Disney World and Disneyland,http://www.disneyfoodblog.com/2017/03/23/review-the-new-cookie-cupcake-at-sprinkles-in-disney-world-and-disneyland/,
New DFB Video: Mickey Premium Ice Cream Bars!,http://www.disneyfoodblog.com/2017/03/24/new-dfb-video-mickey-premium-ice-cream-bars/,
News: Amorette’s Cake Decorating Experience in Disney Springs Now Available For Booking,http://www.disneyfoodblog.com/2017/03/24/news-amorettes-cake-decorating-experience-in-disney-springs-now-available-for-booking/,
Avatar Pandora Annual Passholder Previews Now Booking,http://www.disneyfoodblog.com/2017/03/24/avatar-pandora-annual-passholder-previews-now-booking/,
News: Liberty Tree Tavern Menu Updates (And Ooey Gooey Toffee Cake for DINNER!),http://www.disneyfoodblog.com/2017/03/25/news-changes-to-liberty-tree-taverns-lunch-and-dinner-menus/,
Review: Beauty and the Beast-themed Twists and Treats at Disneyland’s Maurice’s Treats,http://www.disneyfoodblog.com/2017/03/27/review-beauty-and-the-beast-themed-twists-and-treats-at-disneylands-maurices-treats/,
New DFB Video: 20 Disney Snacks You HAVE to Try in 2017,http://www.disneyfoodblog.com/2017/03/28/new-dfb-video-20-disney-snacks-you-have-to-try-in-2017/,
News! 2017 Epcot Food and Wine Festival Eat to the Beat Concert Preliminary Bands,http://www.disneyfoodblog.com/2017/03/28/news-2017-epcot-food-and-wine-festival-eat-to-the-beat-concert-preliminary-bands/,
Review: Casey’s Corner Chili-Cheese Dog with Shredded Cheese,http://www.disneyfoodblog.com/2017/03/28/review-caseys-corner-chili-cheese-dog-with-shredded-cheese/,
A New Dole Whip And Rum Smoothie Spotted in Disney World! Guess Where!,http://www.disneyfoodblog.com/2017/03/29/a-new-dole-whip-and-rum-smoothie-spotted-in-disney-world-guess-where/,
News and Review: Hollywood Brown Derby TINY HAT Glowcubes!,http://www.disneyfoodblog.com/2017/03/29/news-and-review-hollywood-brown-derby-tiny-hat-glowcubes/,
New DFB Video: Disneyland Secret Menu Items,http://www.disneyfoodblog.com/2017/03/31/new-dfb-video-secret-menu-items-in-disneyland/,
Review: Cookies and Cream Cupcake at Candy Counters in Disney World and Disneyland,http://www.disneyfoodblog.com/2017/03/31/review-cookies-and-cream-cupcake-at-candy-counters-in-disney-world-and-disneyland/,
News: 2018 Disney World Free Dining Offer for United Kingdom Residents,http://www.disneyfoodblog.com/2017/03/31/news-2018-disney-world-free-dining-offer-for-united-kingdom-residents/,
What’s New Around Walt Disney World: March 29th 2017,http://www.disneyfoodblog.com/2017/03/30/whats-new-around-walt-disney-world-march-29th-2017/,
Review: Raspberry Smoothie at Auntie Gravity’s Galactic Goodies,http://www.disneyfoodblog.com/2017/03/30/review-raspberry-smoothie-at-auntie-gravitys-galactic-goodies/,
News! Updated Menus Now Available for 2017 Walt Disney World Swan and Dolphin Food and Wine Classic,http://www.disneyfoodblog.com/2017/03/30/news-updated-menus-now-available-for-2017-walt-disney-world-swan-and-dolphin-food-and-wine-classic/,
News and Review: Pineapple Cotton Candy at Disneyland’s California Adventure,http://www.disneyfoodblog.com/2017/03/30/news-and-review-dole-whip-cotton-candy-at-disneylands-california-adventure/,
Review: New Rapunzel Bon Voyage Character Breakfast in Disney World,http://www.disneyfoodblog.com/2017/04/03/review-new-rapunzel-bon-voyage-character-breakfast-in-disney-world/,
New DFB YouTube Video: Chuck Wagon Fresh Fixin’s Food Truck at Disney’s Fort Wilderness,http://www.disneyfoodblog.com/2017/04/04/new-dfb-youtube-video-chuck-wagon-fresh-fixins-food-truck-at-disneys-fort-wilderness/,
Review: Pacific Wharf Cafe in Disney California Adventure,http://www.disneyfoodblog.com/2017/04/04/review-pacific-wharf-cafe-in-disney-california-adventure/,
Review: Le Cellier Steakhouse in Epcot’s Canada Pavilion,http://www.disneyfoodblog.com/2017/04/05/review-le-cellier-steakhouse-in-epcots-canada-pavilion-2/,
News: The Polite Pig Set to Open Monday April 10th in Disney Springs,http://www.disneyfoodblog.com/2017/04/05/news-the-polite-pig-set-to-open-monday-april-10th-in-disney-springs/,
Review: Falafel at Mr. Kamal’s in Disney’s Animal Kingdom,http://www.disneyfoodblog.com/2017/04/05/review-falafel-at-mr-kamals-in-disneys-animal-kingdom/,
News: Jiko Filet with Mac and Cheese Back on the Menu Starting Tomorrow (With a Twist!),http://www.disneyfoodblog.com/2017/04/06/news-jiko-filet-with-mac-and-cheese-back-on-the-menu-starting-tomorrow-with-a-twist/,
Photo Tour and Review: Wind and Waves Now Open at Disney’s Vero Beach Resort,http://www.disneyfoodblog.com/2017/04/07/photo-tour-and-news-wind-and-waves-now-open-at-disneys-vero-beach-resort/,
Review: Blueberry Lemon Funnel Cake at Hungry Bear Restaurant in Disneyland,http://www.disneyfoodblog.com/2017/04/07/review-blueberry-lemon-funnel-cake-at-hungry-bear-restaurant-in-disneyland/,
New DFB Video: Top 5 Magic Kingdom Counter Service Restaurants,http://www.disneyfoodblog.com/2017/04/08/new-dfb-video-top-5-magic-kingdom-counter-service-restaurants/,
Disney Recipe: Warm Wild Berry Buckle from the Epcot Flower and Garden Festival,http://www.disneyfoodblog.com/2017/04/08/disney-recipe-warm-wild-berry-buckle-from-the-epcot-flower-and-garden-festival/,
The DFB Bi-Coastal Disney Grilled Cheese Crawl!!!!!!,http://www.disneyfoodblog.com/2017/04/12/the-dfb-bi-coastal-disney-grilled-cheese-crawl/,
First Look and Review: The Polite Pig in Disney World’s Disney Springs!,http://www.disneyfoodblog.com/2017/04/10/first-look-and-review-the-polite-pig-in-disney-worlds-disney-springs/,
#OnTheList: Margarita and Martini Flights at Disney World’s Hollywood Brown Derby Lounge,http://www.disneyfoodblog.com/2017/04/10/onthelist-margarita-and-martini-flights-at-disney-worlds-hollywood-brown-derby-lounge/,
Review: Classic Treats at the Magic Kingdom Confectionery in Walt Disney World,http://www.disneyfoodblog.com/2017/04/11/review-classic-treats-at-the-magic-kingdom-confectionery-in-walt-disney-world/,
Grand Launch and Discount! The DFB Guide to Epcot Snacks e-Book 2017-18 Edition,http://www.disneyfoodblog.com/2017/04/11/grand-launch-and-discount-the-dfb-guide-to-epcot-snacks-e-book-2017-18-edition/,
Easter Treats Around Walt Disney World — Including the 2017 Grand Floridian Chocolate Easter Eggs,http://www.disneyfoodblog.com/2017/04/13/easter-treats-around-walt-disney-world-including-the-2017-grand-floridian-chocolate-easter-eggs/,
New DFB Video: Top Meals Under $20 in Walt Disney World,http://www.disneyfoodblog.com/2017/04/13/new-dfb-video-top-meals-under-20-in-walt-disney-world/,
Walt Disney World Club 33 Lounges May Be Opening Soon,http://www.disneyfoodblog.com/2017/04/13/walt-disney-world-club-33-lounges-may-be-opening-soon/,
New DFB Video: Magic Kingdom Table Service Restaurants You Have To Try!,http://www.disneyfoodblog.com/2017/04/17/new-dfb-video-magic-kingdom-table-service-restaurants-you-have-to-try/,
Disney Food Blog is YouTube’s “Creator on the Rise” Today!!!,http://www.disneyfoodblog.com/2017/04/17/disney-food-blog-is-youtubes-creator-on-the-rise-today/,
Review: Grab-and-Go Menu Available at Art Smith’s Homecomin’!,http://www.disneyfoodblog.com/2017/04/17/review-grab-and-go-menu-available-at-art-smiths-homecomin/,
News: Epcot’s World Showcase Wine Walk Now Includes Refillable Wine Glass,http://www.disneyfoodblog.com/2017/04/20/news-epcots-world-showcase-wine-walk-now-includes-refillable-wine-glass/,
Guest Review: San Angel Inn at Epcot’s Mexico Pavilion,http://www.disneyfoodblog.com/2017/04/20/guest-review-san-angel-inn-at-epcots-mexico-pavilion/,
Review: Stage Door Cafe Classics in Disneyland’s Frontierland,http://www.disneyfoodblog.com/2017/04/15/review-stage-door-cafe-classics-in-disneylands-frontierland-done/,
New DFB Video: Eight Spoon Cafe in Disney’s Animal Kingdom,http://www.disneyfoodblog.com/2017/04/15/new-dfb-video-eight-spoon-cafe-in-disneys-animal-kingdom/,
38 Special Confirmed for Eat to the Beat Concert Series at Epcot Food and Wine Festival,http://www.disneyfoodblog.com/2017/04/21/38-special-confirmed-for-eat-to-the-beat-concert-series-at-epcot-food-and-wine-festival/,
Review: Breakfast at Rancho del Zocalo in Disneyland’s Frontierland,http://www.disneyfoodblog.com/2017/04/21/review-breakfast-at-rancho-del-zocalo-in-disneylands-frontierland/,
News: Permits Filed for the 2017 Epcot Food and Wine Festival,http://www.disneyfoodblog.com/2017/04/18/news-permits-filed-for-the-2017-epcot-food-and-wine-festival/,
Something GOOD on Tax Day!,http://www.disneyfoodblog.com/2017/04/18/something-good-on-tax-day/,
Review: Cinnamon French Toast Bread Pudding at Epcot’s Sunshine Seasons,http://www.disneyfoodblog.com/2017/04/19/review-cinnamon-french-toast-bread-pudding-at-epcots-sunshine-seasons/,
Sneak Peek: Specialty Drinks at Satu’li Canteen and Pongu Pongu in Disney World’s Pandora,http://www.disneyfoodblog.com/2017/04/19/sneak-peek-specialty-drinks-at-satuli-canteen-and-pongu-pongu-in-disney-worlds-pandora/,
Possible Details and Dates for the 2017 Disney World Free Dining Offer,http://www.disneyfoodblog.com/2017/04/19/possible-details-and-dates-for-the-2017-disney-world-free-dining-offer/,
Sneak Peek: Desserts at Satu’li Canteen in Disney World’s Pandora,http://www.disneyfoodblog.com/2017/04/25/sneak-peek-desserts-at-satuli-canteen-in-disney-worlds-pandora/,
DFB Video: How To Get FREE DINING in Disney World! (And the Small Print You NEED to Know.),http://www.disneyfoodblog.com/2017/04/22/dfb-video-how-to-get-free-dining-in-disney-world-and-the-small-print-you-need-to-know/,
News and Review: Goofy’s Powdered Candy is Back in Disney World,http://www.disneyfoodblog.com/2017/04/22/news-and-review-goofys-powdered-candy-is-back-in-disney-world/,
Last DAY! Save BIG and Start Planning Your Next Disney Trip with the DFB Guides!,http://www.disneyfoodblog.com/2017/04/24/last-day-save-big-and-start-planning-your-next-disney-trip-with-the-dfb-guides/,
News! 2017 Disney World Free Dining Offer Now Available!,http://www.disneyfoodblog.com/2017/04/24/news-2017-disney-world-free-dining-offer-now-available/,
What’s New Around Walt Disney World: April 24 2017,http://www.disneyfoodblog.com/2017/04/23/whats-new-around-walt-disney-world-april-24-2017/,
Celebrate Mom on Mother’s Day with Fun Disney Finds!,http://www.disneyfoodblog.com/2017/04/29/celebrate-mom-on-mothers-day-with-fun-disney-finds/,
Celebrate Dapper Day at Disney Springs with Special Food and Drinks,http://www.disneyfoodblog.com/2017/04/27/celebrate-dapper-day-at-disney-springs-with-special-food-and-drinks/,
News: New Disney Springs Portobello Restaurant Concept Art,http://www.disneyfoodblog.com/2017/04/27/news-portobello-in-disney-springs-closes-to-make-way-for-new-restaurant/,
News: Two New Dining Packages Announced for ‘The Music of Pixar Live!’ at Disney’s Hollywood Studios,http://www.disneyfoodblog.com/2017/04/27/news-two-new-dining-packages-announced-for-the-music-of-pixar-live-at-disneys-hollywood-studios/,
News: Additional Details Released about Dining Options in Disney’s Pandora,http://www.disneyfoodblog.com/2017/05/01/news-additional-details-released-about-dining-options-in-disneys-pandora/,
News: Mickey Mouse Celebration Cakes Coming to Disney World this Spring,http://www.disneyfoodblog.com/2017/05/01/news-mickey-mouse-celebration-cakes-coming-to-disney-world-this-spring/,
Tomorrowland Skyline Lounge Experience Coming to Disneyland this Spring,http://www.disneyfoodblog.com/2017/04/28/tomorrowland-skyline-lounge-experience-coming-to-disneyland-this-spring/,
New DFB Video: Best and Worst Character Meals in Walt Disney World,http://www.disneyfoodblog.com/2017/04/28/new-dfb-video-best-and-worst-character-meals-in-walt-disney-world/,
Spotted: More Fun Merchandise at Disney Springs Marketplace Co-op,http://www.disneyfoodblog.com/2017/04/26/spotted-more-fun-merchandise-at-disney-springs-marketplace-co-op/,
News: Quick Service Dine Gift Card Offer Now Available,http://www.disneyfoodblog.com/2017/04/26/news-rumored-quick-service-dining-discount-offer-coming-soon/,
New DFB Video: Join Us For the Monorail Crawl!,http://www.disneyfoodblog.com/2017/04/26/new-dfb-video-join-us-for-the-monorail-crawl/,
How to Plan a Disney Trip Your Kids Will Love,http://www.disneyfoodblog.com/2017/04/26/how-to-plan-a-disney-trip-your-kids-will-love/,
Disney World “Just the New Stuff” Snack Crawl — Epcot Edition!,http://www.disneyfoodblog.com/2017/04/30/disney-world-just-the-new-stuff-snack-crawl-epcot-edition/,
2017 Epcot Food and Wine Festival: NEW Booths Special Events and More!,http://www.disneyfoodblog.com/2017/05/02/2017-epcot-food-and-wine-festival-new-booths-special-events-and-more/,
New DFB Video: The Best Ice Cream in Disneyland,http://www.disneyfoodblog.com/2017/05/02/new-dfb-video-the-best-ice-cream-in-disneyland/,
Sneak Peek: Photos from Inside Disney’s Pandora – The World of Avatar,http://www.disneyfoodblog.com/2017/05/02/sneak-peek-photos-from-inside-disneys-pandora-the-world-of-avatar/,
Avoid Making These Five BIG Disney Dining Mistakes,http://www.disneyfoodblog.com/2017/05/03/avoid-making-these-five-big-disney-dining-mistakes/,
Review: Warm Apple Crisp from Sunshine Seasons in Epcot’s Land Pavilion,http://www.disneyfoodblog.com/2017/05/04/review-warm-apple-crisp-from-sunshine-seasons-in-epcots-land-pavilion/,
DFB Video: Must-Try Margaritas for Cinco de Mayo in Disney World!,http://www.disneyfoodblog.com/2017/05/04/dfb-video-must-try-margaritas-for-cinco-de-mayo-in-disney-world/,
Celebrate Star Wars Day With Great Finds!,http://www.disneyfoodblog.com/2017/05/04/celebrate-star-wars-day-and-beyond-with-great-finds/,
Review: Warm Peach Cobbler at Liberty Inn in Epcot’s American Adventure Pavilion,http://www.disneyfoodblog.com/2017/05/05/review-warm-peach-cobbler-at-liberty-inn-in-epcots-american-adventure-pavilion/,
News: Crispy Battered Corn on the Cob is Stupid Good at Disney California Adventure!,http://www.disneyfoodblog.com/2017/05/05/news-crispy-battered-corn-on-the-cob-is-stupid-good-at-disney-california-adventure/,
News and Photo Tour: Disney’s Caribbean Beach Resort Dining Options During Construction,http://www.disneyfoodblog.com/2017/05/09/news-and-photo-tour-disneys-caribbean-beach-resort-dining-options-during-construction/,
News: Full Menu for Pongu Pongu and DFB’s “Eat This Not That” Video for Animal Kingdom’s Pandora!,http://www.disneyfoodblog.com/2017/05/09/news-full-menu-for-pongu-pongu-and-dfbs-eat-this-not-that-video-for-animal-kingdoms-pandora/,
Spotted: Lightsaber Churros at Disneyland (and Maybe Coming Back to Disney World!),http://www.disneyfoodblog.com/2017/05/08/spotted-lightsaber-churros-at-disneyland-and-maybe-coming-back-to-disney-world/,
Spotted: Baby Groot Cupcakes and Sipper Cup at Disney’s Hollywood Studios,http://www.disneyfoodblog.com/2017/05/08/spotted-baby-groot-cupcakes-and-sipper-cup-at-disneys-hollywood-studios/,
Tips from the DFB Guide: Disney Character Meal Pros and Cons,http://www.disneyfoodblog.com/2017/05/08/tips-from-the-dfb-guide-should-i-book-a-character-meal/,
Guest Review: “Eat This Not That” in Disney World’s Pandora — The World of Avatar,http://www.disneyfoodblog.com/2017/05/06/eat-this-not-that-in-disney-worlds-pandora-the-world-of-avatar/,
2017 Epcot Food and Wine Festival Tip: How Many Days Should I Budget For the Festival?,http://www.disneyfoodblog.com/2017/05/10/2017-epcot-food-and-wine-festival-tip-how-many-days-should-i-budget-for-the-festival/,
Review: New Jumbo Pretzel in (where else?) Epcot’s Germany Pavilion,http://www.disneyfoodblog.com/2017/05/11/review-new-jumbo-pretzel-in-where-else-epcots-germany-pavilion/,
Spotted: Italia Kitchen Merchandise in Epcot’s Italy Pavilion,http://www.disneyfoodblog.com/2017/05/11/spotted-italia-kitchen-merchandise-in-epcots-italy-pavilion/,
DFB Video: GET THIS at Disney’s Animal Kingdom,http://www.disneyfoodblog.com/2017/05/12/dfb-video-get-this-at-disneys-animal-kingdom/,
Start Your Disney Trip Planning With The DFB Guide Mother’s Day Sale!,http://www.disneyfoodblog.com/2017/05/12/start-your-disney-trip-planning-with-the-dfb-guide-mothers-day-sale/,
Celebrate ‘British Sandwich Week’ with Discounts at Earl of Sandwich May 15-19,http://www.disneyfoodblog.com/2017/05/14/celebrate-british-sandwich-week-with-discounts-at-earl-of-sandwich-may-15-19/,
Celebrate Mother’s Day at Disney World and Disneyland!,http://www.disneyfoodblog.com/2017/05/14/celebrate-mothers-day-at-disney-world-and-disneyland/,
First Look! Pandora — The World of AVATAR in Disney’s Animal Kingdom!,http://www.disneyfoodblog.com/2017/05/14/first-look-pandora-the-world-of-avatar-in-disneys-animal-kingdom/,
First Look AND Video: Disney’s New Happily Ever After Fireworks Show at Magic Kingdom,http://www.disneyfoodblog.com/2017/05/13/first-look-and-video-disneys-new-happily-ever-after-fireworks-show-at-magic-kingdom/,
Review: BBQ Crunch Dog and Fried Bananas at Award Wieners in Disney California Adventure,http://www.disneyfoodblog.com/2017/05/15/review-bbq-crunch-dog-and-fried-bananas-at-award-wieners-in-disney-california-adventure-done/,
FULL Review: The New Satu’li Canteen in Animal Kingdom’s Pandora — The World of AVATAR,http://www.disneyfoodblog.com/2017/05/15/review-the-new-satuli-canteen-in-animal-kingdoms-pandora-the-world-of-avatar/,
How-To and Step by Step: Mobile Order Process Debuts at Satu’li Canteen in Animal Kingdom’s Pandora,http://www.disneyfoodblog.com/2017/05/16/how-to-and-step-by-step-mobile-order-process-debuts-at-satuli-canteen-in-animal-kingdoms-pandora/,
New DFB Video: A Review of Pandora – The World of Avatar at Disney’s Animal Kingdom,http://www.disneyfoodblog.com/2017/05/16/new-dfb-video-a-review-of-pandora-the-world-of-avatar-at-disneys-animal-kingdom/,
News: Kona Cafe Menu Updates at Disney’s Polynesian Village Resort in Disney World,http://www.disneyfoodblog.com/2017/05/16/news-kona-cafe-menu-updates-at-disneys-polynesian-village-resort-in-disney-world/,
Review: Pongu Pongu in Animal Kingdom’s Pandora — The World of AVATAR,http://www.disneyfoodblog.com/2017/05/16/review-pongu-pongu-in-animal-kingdoms-pandora-the-world-of-avatar/,
The 8 Must-Eat Disney World Snacks You Can Get WITHOUT a Park Ticket,http://www.disneyfoodblog.com/2017/05/17/the-8-must-eat-disney-world-snacks-you-can-get-without-a-park-ticket/,
Review: Funnel Cake with Strawberry Topping and Soft Serve Vanilla Ice Cream at Oasis Canteen in Disney’s Hollywood Studios,http://www.disneyfoodblog.com/2017/05/18/review-funnel-cake-with-strawberry-topping-and-soft-serve-vanilla-ice-cream-at-oasis-canteen-in-disneys-hollywood-studios/,
2017 Epcot Food and Wine Festival News! More Eat to the Beat Concert Series Acts,http://www.disneyfoodblog.com/2017/05/18/2017-epcot-food-and-wine-festival-news-more-eat-to-the-beat-concert-series-acts/,
News and Review: Snacks from Pandora — The World of AVATAR in Disney’s Animal Kingdom,http://www.disneyfoodblog.com/2017/05/20/news-and-review-snacks-from-pandora-the-world-of-avatar/,
Review: Limited-Time-Only Margarita Cupcake at Sprinkles in Disney World and Disneyland,http://www.disneyfoodblog.com/2017/05/23/review-limited-time-only-margarita-cupcake-at-sprinkles-in-disney-world-and-disneyland/,
Disney Food Video: GET THIS at Disney’s Hollywood Studios,http://www.disneyfoodblog.com/2017/05/23/disney-food-video-get-this-at-disneys-hollywood-studios/,
Review: Smokey Bones (Bourbon-n-Bacon) Chocolate Shake at Trilo-Bites in Disney’s Animal Kingdom,http://www.disneyfoodblog.com/2017/05/22/review-smokey-bones-bourbon-n-bacon-chocolate-shake-at-trilo-bites-in-disneys-animal-kingdom/,
NEWS and Full Review: The Market at Ale & Compass in Disney’s Yacht Club Resort,http://www.disneyfoodblog.com/2017/05/22/news-and-full-review-the-market-at-ale-compass-in-disneys-yacht-club-resort/,
News: Breakfast Items at Satu’li Canteen in Pandora at Disney’s Animal Kingdom,http://www.disneyfoodblog.com/2017/05/21/news-breakfast-items-at-satuli-canteen-in-pandora-at-disneys-animal-kingdom/,
Tips from the DFB Guide AND New DFB Video: Is the Disney Dining Plan Worth It?,http://www.disneyfoodblog.com/2017/05/19/tips-from-the-dfb-guide-and-new-dfb-video-is-the-disney-dining-plan-worth-it/,
Review: Mr. Kamal’s Fries at Mr. Kamal’s in Disney’s Animal Kingdom,http://www.disneyfoodblog.com/2017/05/19/review-mr-kamals-fries-at-mr-kamals-in-disneys-animal-kingdom/,
News and Review: New Matterhorn Macaroon Donut at Disneyland!,http://www.disneyfoodblog.com/2017/05/24/news-and-review-new-matterhorn-macaroon-donut-at-disneyland/,
Save 40% on EVERYTHING in the DFB Store with Our Memorial Day Sale!,http://www.disneyfoodblog.com/2017/05/25/save-40-on-everything-in-the-dfb-store-with-our-memorial-day-sale/,
Sneak Peek: Margaritas Coming to Choza de Margarita in Epcot’s Mexico Pavilion,http://www.disneyfoodblog.com/2017/05/25/sneak-peek-margaritas-coming-to-choza-de-margarita-in-epcots-mexico-pavilion/,
News: Concept Art Released for Wine Bar George Coming to Disney Springs,http://www.disneyfoodblog.com/2017/05/29/news-concept-art-released-for-wine-bar-george-coming-to-disney-springs/,
New Video: 10 FREE Things to Do in Walt Disney World!,http://www.disneyfoodblog.com/2017/05/29/new-video-10-free-things-to-do-in-walt-disney-world/,
New! Cheeseburger Poutine at The Daily Poutine in Disney Springs,http://www.disneyfoodblog.com/2017/05/29/new-cheeseburger-poutine-at-the-daily-poutine-in-disney-springs/,
News: Jaleo and Wolfgang Puck Bar & Grill Opening in Disney Springs in 2018,http://www.disneyfoodblog.com/2017/05/30/news-jaleo-and-wolfgang-puck-bar-grill-opening-in-disney-springs-in-2018/,
Limited Time!: Save 40% Off of the Entire DFB Store With Our Memorial Day Sale!,http://www.disneyfoodblog.com/2017/05/30/limited-time-save-40-off-of-the-entire-dfb-store-with-our-memorial-day-sale/,
Movie Magic! Guardians of the Galaxy Vol. 2 and Cars 3 Fun Finds!,http://www.disneyfoodblog.com/2017/05/30/movie-magic-guardians-of-the-galaxy-vol-2-and-cars-3-fun-finds/,
News: Guardians of the Galaxy Eats and More at Disney California Adventure,http://www.disneyfoodblog.com/2017/05/27/news-guardians-of-the-galaxy-eats-and-more-at-disney-california-adventure/,
New Pandora Video: Pongu Pongu Review — PLUS MORE!,http://www.disneyfoodblog.com/2017/05/27/new-pandora-video-pongu-pongu-review-plus-more/,
Disney Restaurant Review: Redd Rockett’s Pizza Port in Disneyland,http://www.disneyfoodblog.com/2017/05/31/disney-restaurant-review-redd-rocketts-pizza-port-in-disneyland/,
Review: Breakfast at the New Satu’li Canteen in Animal Kingdom’s Pandora,http://www.disneyfoodblog.com/2017/05/31/review-breakfast-at-the-new-satuli-canteen-in-animal-kingdoms-pandora/,
How It’s Made: Light Up Cotton Candy in Magic Kingdom,http://www.disneyfoodblog.com/2017/06/04/how-its-made-light-up-cotton-candy-in-magic-kingdom/,
News: Springs Street Eats Food Truck Rally in Disney Springs June 2nd and 3rd,http://www.disneyfoodblog.com/2017/05/28/news-springs-street-eats-food-truck-rally-in-disney-springs-june-2nd-and-3rd/,
News: Funky New Donuts in Disney California Adventure for Summer of Heroes,http://www.disneyfoodblog.com/2017/06/03/news-funky-new-donuts-in-disney-california-adventure-for-summer-of-heroes/,
Review: Seasonal Raspberry Rose Cupcake at the BoardWalk Bakery in Disney World,http://www.disneyfoodblog.com/2017/06/05/review-seasonal-raspberry-rose-cupcake-at-the-boardwalk-bakery-in-disney-world/,
New DFB Video: Best and Worst Disneyland Park Sit-Down Restaurants!,http://www.disneyfoodblog.com/2017/06/05/new-dfb-video-best-and-worst-disneyland-park-sit-down-restaurants/,
Found! The Dole Whip Skull Mug in Magic Kingdom!,http://www.disneyfoodblog.com/2017/06/02/found-the-dole-whip-skull-mug-in-magic-kingdom/,
News: Mickey Waffles WITH Toppings Bar (!!!) at Animal Kingdom for a Limited Time!,http://www.disneyfoodblog.com/2017/06/02/news-mickey-waffles-with-toppings-bar-at-animal-kingdom-for-a-limited-time/,
New at Magic Kingdom: Cheshire Cat Tails Frusta and Much More!,http://www.disneyfoodblog.com/2017/06/07/new-at-magic-kingdom-cheshire-cat-tails-frusta-and-much-more/,
News! Mini Mango Pie in Disney’s Animal Kingdom Wins the Dessert Wars,http://www.disneyfoodblog.com/2017/06/07/news-mini-mango-pie-in-disneys-animal-kingdom-wins-the-dessert-wars/,
Epcot International Food and Wine Festival Tip: Should I Bring My Kids to the Festival?,http://www.disneyfoodblog.com/2017/05/26/epcot-food-and-wine-festival-tip-should-i-bring-my-kids-to-the-festival/,
News and Review: The Jungle Julep at Bengal Barbecue in Disneyland,http://www.disneyfoodblog.com/2017/05/26/news-and-review-the-jungle-julep-at-bengal-barbecue-in-disneyland/,
New! Chocolate Caramel Swirl at Karamell-Küche in Epcot’s Germany,http://www.disneyfoodblog.com/2017/05/26/new-chocolate-caramel-swirl-at-karamell-kuche-in-epcots-germany/,
News and Review: Disneyland Tomorrowland Skyline Lounge,http://www.disneyfoodblog.com/2017/06/01/news-and-review-disneyland-tomorrowland-skyline-lounge/,
New DFB Video: Star Wars Eats at Backlot Express in Disney’s Hollywood Studios,http://www.disneyfoodblog.com/2017/06/01/new-dfb-video-star-wars-eats-at-backlot-express-in-disneys-hollywood-studios/,
Review: Turkey and Pimento Cheese BLTs in Disney’s Animal Kingdom,http://www.disneyfoodblog.com/2017/06/01/review-turkey-and-pimento-cheese-blts-in-disneys-animal-kingdom/,
Review: Lemon Berry Mousse Cake at Epcot’s Sunshine Seasons,http://www.disneyfoodblog.com/2017/06/06/review-lemon-berry-mousse-cake-at-epcots-sunshine-seasons/,
Review: Paradiso 37 at Disney Springs,http://www.disneyfoodblog.com/2017/06/06/review-paradiso-37-at-disney-springs/,
GROOT BREAD at Disney California Adventure’s Summer of Heroes,http://www.disneyfoodblog.com/2017/06/08/groot-bread-at-disney-california-adventures-summer-of-heroes/,
New DFB Video: GET THIS at Magic Kingdom!,http://www.disneyfoodblog.com/2017/06/08/new-dfb-video-get-this-at-magic-kingdom/,
Countdown to the Epcot Food and Wine Festival!,http://www.disneyfoodblog.com/2017/06/08/countdown-to-the-epcot-food-and-wine-festival/,
Rumor: Will Alcoholic Beverages Be Included on the 2018 Disney Dining Plan?,http://www.disneyfoodblog.com/2017/06/09/rumor-will-alcoholic-beverages-be-included-on-the-2018-disney-dining-plan/,
News: Mobile Order On the Way to Five Magic Kingdom Counter Service Restaurants,http://www.disneyfoodblog.com/2017/06/09/news-mobile-order-on-the-way-to-five-magic-kingdom-counter-service-restaurants/,
Review: Dinner at Liberty Tree Tavern in Disney World’s Magic Kingdom,http://www.disneyfoodblog.com/2017/06/09/review-dinner-at-liberty-tree-tavern-in-disney-worlds-magic-kingdom-2/,
Disney World Food Hack: The Mickey Ear Cookie Ice Cream Sandwich,http://www.disneyfoodblog.com/2017/06/10/disney-world-food-hack-the-mickey-ear-cookie-ice-cream-sandwich/,
News and Review: Summer of Heroes Eats at Disney California Adventure,http://www.disneyfoodblog.com/2017/06/13/news-and-review-summer-of-heroes-eats-at-disney-california-adventure/,
It’s Summer! Sign Up for the DFB Newsletter to See All the Latest Disney Eats First!,http://www.disneyfoodblog.com/2017/06/13/its-summer-sign-up-for-the-dfb-newsletter-to-see-all-the-latest-disney-eats-first/,
Epcot Food and Wine Festival Recipe: The Chew’s Ricotta and Zucchini Ravioli with Tomato Sauce,http://www.disneyfoodblog.com/2017/06/15/epcot-food-and-wine-festival-recipe-the-chews-ricotta-and-zucchini-ravioli-with-tomato-sauce/,
New DFB Video: New Menu at Min and Bill’s Dockside Diner in Disney’s Hollywood Studios,http://www.disneyfoodblog.com/2017/06/15/new-dfb-video-new-menu-at-min-and-bills-dockside-diner-in-disneys-hollywood-studios/,
News: Frozen Ever After Sparkling Dessert Party with Fireworks Viewing Coming to Epcot,http://www.disneyfoodblog.com/2017/06/15/news-frozen-ever-after-sparkling-dessert-party-with-fireworks-viewing-coming-to-epcot/,
Review: Wolfgang Puck Grand Cafe Disney Springs,http://www.disneyfoodblog.com/2017/06/15/review-wolfgang-puck-grand-cafe-disney-springs/,
Review: New Giant Sundaes Debut at Taste Track in Epcot,http://www.disneyfoodblog.com/2017/06/12/review-new-giant-sundaes-debut-at-taste-track-in-epcot/,
FIRST LOOK! New Quick Service and Lobby Bar Coming to the Walt Disney World Dolphin Hotel,http://www.disneyfoodblog.com/2017/06/12/first-look-new-quick-service-and-lobby-bar-coming-to-the-walt-disney-world-dolphin-hotel/,
New DFB Video: Ultimate Disney Funnel Cakes in Disneyland and Walt Disney World!,http://www.disneyfoodblog.com/2017/06/12/new-dfb-video-ultimate-disney-funnel-cakes-in-disneyland-and-walt-disney-world/,
Review: Kaki Gori Treats at the Japan Pavilion in Epcot’s World Showcase,http://www.disneyfoodblog.com/2017/06/12/review-kaki-gori-treats-at-the-japan-pavilion-in-epcots-world-showcase/,
News: The Gone Mad Party with Fireworks Viewing is back at the Grand Floridian Resort,http://www.disneyfoodblog.com/2017/06/16/news-the-gone-mad-party-with-fireworks-viewing-is-back-at-the-grand-floridian-resort/,
Review: Sweets and Treats at Jolly Holiday Bakery Cafe in Disneyland,http://www.disneyfoodblog.com/2017/06/16/review-sweets-and-treats-at-jolly-holiday-bakery-cafe-in-disneyland/,
Review: Jalapeno Poppers and Sides at ABC Commissary in Disney’s Hollywood Studios,http://www.disneyfoodblog.com/2017/06/19/review-jalapeno-poppers-and-sides-at-abc-commissary-in-disneys-hollywood-studios/,
New DFB Video: Be Our Guest Restaurant — Is It Worth It?,http://www.disneyfoodblog.com/2017/06/19/new-dfb-video-be-our-guest-restaurant-is-it-worth-it/,
News: Kungaloosh and Other Pleasure Island Beverages Coming to Disney Springs,http://www.disneyfoodblog.com/2017/06/19/news-kungaloosh-and-other-pleasure-island-beverages-coming-to-disney-springs/,
News: Fireworks Dessert Parties Open for Booking for Mickey’s Halloween and Christmas Parties,http://www.disneyfoodblog.com/2017/06/14/news-fireworks-dessert-parties-open-for-booking-for-mickeys-halloween-and-christmas-parties/,
Father’s Day Sale: Save 30% Off Everything in the DFB Store!,http://www.disneyfoodblog.com/2017/06/14/fathers-day-sale-save-30-off-everything-in-the-dfb-store/,
Epcot Food and Wine Festival Tips: When Should I Visit the Festival?,http://www.disneyfoodblog.com/2017/06/17/epcot-food-and-wine-festival-tips-when-should-i-visit-the-festival/,
News: Hand-Dipped Corn Dogs Now in Magic Kingdom at Sleepy Hollow Refreshments,http://www.disneyfoodblog.com/2017/06/20/news-hand-dipped-corn-dogs-now-in-magic-kingdom-at-sleepy-hollow-refreshments/,
News! 2018 Disney Dining Plan Updates — Now With Alcohol!,http://www.disneyfoodblog.com/2017/06/20/news-2018-disney-dining-plan-updates-alcohol/,
Spotted: Pop Century Resort Shop Stop ATM!,http://www.disneyfoodblog.com/2017/06/22/spotted-pop-century-resort-shop-stop-atm/,
New DFB Video Review: Rapunzel and Ariel Bon Voyage Breakfast in Disney World,http://www.disneyfoodblog.com/2017/06/22/new-dfb-video-review-rapunzel-and-ariel-bon-voyage-breakfast-in-disney-world/,
News! 2017 Epcot Food and Wine Festival FULL Eat to the Beat Concert Schedule Confirmed!,http://www.disneyfoodblog.com/2017/06/22/news-2017-epcot-food-and-wine-festival-full-eat-to-the-beat-concert-schedule-confirmed/,
News! Fun New Drinks and Shakes at Disney’s All Star Resorts,http://www.disneyfoodblog.com/2017/06/23/news-fun-new-drinks-and-shakes-at-disneys-all-star-resorts/,
Save With The 180-Day Sale!,http://www.disneyfoodblog.com/2017/06/21/save-with-the-180-day-sale/,
News and Review: New Gourmet Doughnuts at Disneyland Hotel,http://www.disneyfoodblog.com/2017/06/21/news-and-review-new-gourmet-doughnuts-at-disneyland-hotel/,
Review: Mochi Ice Cream and Hello Kitty Mochi in Epcot’s Japan Pavilion,http://www.disneyfoodblog.com/2017/06/24/review-mochi-ice-cream-and-hello-kitty-mochi-in-epcots-japan-pavilion/,
News: SECRET MENU TOTS at River Belle Terrace in Disneyland!,http://www.disneyfoodblog.com/2017/06/26/news-secret-menu-tots-at-river-belle-terrace-in-disneyland/,
News: Indoor Seating Area Coming to Disneyland’s Bengal Barbecue,http://www.disneyfoodblog.com/2017/06/26/news-indoor-seating-area-coming-to-disneylands-bengal-barbecue/,
New DFB Video: Eat This in Epcot Part 1!,http://www.disneyfoodblog.com/2017/06/26/new-dfb-video-eat-this-in-epcot-part-1/,
First Look and Review! The New Roaring Fork at Disney’s Wilderness Lodge,http://www.disneyfoodblog.com/2017/06/29/first-look-and-review-the-new-roaring-fork-at-disneys-wilderness-lodge/,
New DFB Video: EAT THIS in Epcot Part 2!,http://www.disneyfoodblog.com/2017/06/29/new-dfb-video-eat-this-in-epcot-part-2/,
News! “The CHEW” Taping Schedule and New Booth for Epcot Food and Wine Festival!,http://www.disneyfoodblog.com/2017/06/29/news-the-chew-taping-schedule-and-new-booth-for-epcot-food-and-wine-festival/,
News: Jalapeño-Cheese Pretzel Returns to Magic Kingdom for a Limited Time,http://www.disneyfoodblog.com/2017/06/30/news-jalapeno-cheese-pretzel-returns-to-magic-kingdom-for-a-limited-time/,
News! 2017 Disney World Candlelight Processional Narrators and Dining Packages Announced,http://www.disneyfoodblog.com/2017/06/30/news-2017-disney-world-candlelight-processional-narrators-announced-and-booking-available/,
News and Review: Rainbow and World of Color Goofy’s Glaciers!,http://www.disneyfoodblog.com/2017/06/28/news-and-review-rainbow-and-world-of-color-goofys-glaciers/,
News: Downtown Disney Summer Celebration 2017 is ON in Disneyland,http://www.disneyfoodblog.com/2017/06/28/news-downtown-disney-summer-celebration-2017-is-on-in-disneyland/,
Seven Things To Do BEFORE the Epcot Food and Wine Festival!,http://www.disneyfoodblog.com/2017/06/27/seven-things-to-do-before-the-epcot-food-and-wine-festival/,
New!: Fruits of Mo’ara Fruit Bar in Animal Kingdom’s Pandora — The World of AVATAR,http://www.disneyfoodblog.com/2017/06/27/new-fruits-of-moara-fruit-bar-in-animal-kingdoms-pandora-the-world-of-avatar/,
Reminder: 180DAYS Sale AND Candlelight Processional Packages Coming SOON!,http://www.disneyfoodblog.com/2017/06/27/reminder-180days-sale-and-candlelight-processional-packages-coming-soon/,
News: Win a Trip to Disney World with The Chew’s Magical Adventure Culinary Sweepstakes,http://www.disneyfoodblog.com/2017/07/03/news-win-a-trip-to-disney-world-with-the-chews-magical-adventure-culinary-sweepstakes/,
New DFB Video: Beignets (and the Beignet Gelato Sundae!) at Port Orleans Resort French Quarter!,http://www.disneyfoodblog.com/2017/07/03/new-dfb-video-beignets-and-the-beignet-gelato-sundae-at-port-orleans-resort-french-quarter/,
Review: New Menu at Sci-Fi Dine-In Theater Restaurant in Disney’s Hollywood Studios,http://www.disneyfoodblog.com/2017/07/03/review-new-menu-at-sci-fi-dine-in-theater-restaurant-in-disneys-hollywood-studios/,
New DFB Video: Most Popular Restaurants in Disney World — and Good Alternatives If They’re Full!,http://www.disneyfoodblog.com/2017/07/06/new-dfb-video-most-popular-restaurants-in-disney-world-and-good-alternatives-if-theyre-full/,
News: Disney Restaurant Discounts During Orlando Magical Dining Month (PLUS MENUS!!),http://www.disneyfoodblog.com/2017/07/06/news-disney-restaurant-discounts-during-orlando-magical-dining-month-plus-menus/,
News: Disneyland Rivers of America Collectible Card TREASURE HUNT!!!,http://www.disneyfoodblog.com/2017/07/06/news-disneyland-rivers-of-america-collectible-card-treasure-hunt/,
News: Indoor Seating (Finally!) at Bengal BBQ in Disneyland!,http://www.disneyfoodblog.com/2017/07/06/news-indoor-seating-finally-at-bengal-bbq-in-disneyland/,
News and Review: Fried Chicken at Prince Eric’s Village Market in New Fantasyland,http://www.disneyfoodblog.com/2017/07/06/news-and-review-fried-chicken-at-prince-erics-village-market-in-new-fantasyland/,
News: Cars 3 Eats Now Available in Disney California Adventure,http://www.disneyfoodblog.com/2017/07/08/news-cars-3-eats-now-available-in-disney-california-adventure/,
New DFB Video: Stage Door Cafe in Disneyland’s Frontierland — A Hidden Gem!,http://www.disneyfoodblog.com/2017/07/01/new-dfb-video-stage-door-cafe-in-disneylands-frontierland-a-hidden-gem/,
Review: Pleasure Island Drinks for #ThrowbackThursdays in Disney Springs This Summer!,http://www.disneyfoodblog.com/2017/07/01/review-pleasure-island-drinks-for-throwbackthursdays-in-disney-springs-this-summer/,
News: Chef Mickey’s Temporarily Relocating to Convention Center,http://www.disneyfoodblog.com/2017/07/01/news-chef-mickeys-temporarily-relocating-to-convention-center/,
News: Special Snacks to Celebrate Fantasmic! at Disneyland Park,http://www.disneyfoodblog.com/2017/07/11/news-special-snacks-to-celebrate-fantasmic-at-disneyland-park/,
New DFB Video: EAT THIS at Disney Springs Part 1,http://www.disneyfoodblog.com/2017/07/11/new-dfb-video-eat-this-at-disney-springs-part-1/,
News: Terralina Crafted Italian to Open in Disney Springs this Fall,http://www.disneyfoodblog.com/2017/07/11/news-terralina-crafted-italian-to-open-in-disney-springs-this-fall/,
The Return of the Jungle Juice Slush New Breakfast Options Boozy Shave Ice and More at Disney’s Animal Kingdom,http://www.disneyfoodblog.com/2017/07/11/the-return-of-the-jungle-juice-slush-new-breakfast-options-boozy-shave-ice-and-more-at-disneys-animal-kingdom/,
Don’t Miss These Five Booths at the Epcot Food and Wine Festival This Year!,http://www.disneyfoodblog.com/2017/07/07/dont-miss-these-five-booths-at-the-epcot-food-and-wine-festival-this-year/,
News: Fantasmic! Dining Packages Available for Booking in Disneyland,http://www.disneyfoodblog.com/2017/07/07/news-fantasmic-dining-reservations-available-for-booking-in-disneyland/,
News: Disney World Yacht Club Resort Ale & Compass Restaurant and Ale & Compass Lounge Opening in October,http://www.disneyfoodblog.com/2017/07/07/news-disney-world-yacht-club-resort-ale-compass-restaurant-and-ale-compass-lounge-opening-in-october/,
Review: Dinner at Homecomin’ in Disney Springs,http://www.disneyfoodblog.com/2017/07/05/review-dinner-at-homecomin-in-disney-springs/,
Chef Cat Cora Likely Dates for the 2017 Epcot Food and Wine Festival,http://www.disneyfoodblog.com/2017/07/05/chef-cat-cora-likely-dates-for-the-2017-epcot-food-and-wine-festival/,
News and Review: Moscow Mule Mocktail Float at Sprinkles in Disney Springs in July,http://www.disneyfoodblog.com/2017/07/09/news-and-review-moscow-mule-mocktail-float-at-sprinkles-in-disney-springs-in-july/,
Save 40% On EVERYTHING in the DFB Store! Happy Independence Day!,http://www.disneyfoodblog.com/2017/07/04/save-40-on-everything-in-the-dfb-store-happy-independence-day/,
Disneyland’s Pickle Paradise!,http://www.disneyfoodblog.com/2017/07/04/disneylands-pickle-paradise/,
News: Go-Kart Sundae from Vanellope’s Sweets and Treats on the Disney Dream!,http://www.disneyfoodblog.com/2017/07/04/news-go-kart-sundae-from-vanellopes-sweets-and-treats-on-the-disney-dream/,
News: New Year’s Eve Events at Disney’s Contemporary Resort Available for Booking July 11,http://www.disneyfoodblog.com/2017/07/10/news-new-years-eve-events-at-disneys-contemporary-resort-available-for-booking-july-11/,
New Cars 3 Cupcake and MORE NEWS at Disney’s Hollywood Studios,http://www.disneyfoodblog.com/2017/07/10/new-cars-3-cupcake-and-more-news-at-disneys-hollywood-studios/,
News and Review: Haight Ashberry Sundae (PLUS ACCESSORIES!) from Ghirardelli in Disney Springs,http://www.disneyfoodblog.com/2017/07/12/news-and-review-haight-ashberry-sundae-plus-accessories-from-ghirardelli-in-disney-springs/,
News! 2017 Epcot Food and Wine Festival BOOTH MENUS FOOD PHOTOS and SPECIAL EVENTS Details!,http://www.disneyfoodblog.com/2017/07/12/news-2017-epcot-food-and-wine-festival-booth-menus-food-photos-and-special-events-details/,
2017 Epcot Food and Wine Festival News! New FOOD PHOTOS Merch Booking Details and More,http://www.disneyfoodblog.com/2017/07/14/2017-epcot-food-and-wine-festival-news-new-food-photos-merch-booking-details-and-more/,
Mission Space Restaurant and Ratatouille Ride Coming to Epcot Tron in Magic Kingdom’s Tomorrowland and MORE!,http://www.disneyfoodblog.com/2017/07/15/mission-space-restaurant-and-ratatouille-ride-coming-to-epcot-and-tron-in-magic-kingdoms-tomorrowland/,
News: “Craft Beers and Bites Festival” Coming to Morimoto Asia,http://www.disneyfoodblog.com/2017/07/15/news-craft-beers-and-bites-festival-coming-to-morimoto-asia/,
News: Christmas in July Treats at Disney Springs,http://www.disneyfoodblog.com/2017/07/13/news-christmas-in-july-treats-at-disney-springs/,
Epcot Food and Wine Festival Review: Mix It! Make It! Celebrate It! Hands-On Workshop: Wine Cheese and Chocolate Perfectly Paired,http://www.disneyfoodblog.com/2017/07/13/epcot-food-and-wine-festival-review-mix-it-make-it-celebrate-it-hands-on-workshop-wine-cheese-and-chocolate-perfectly-paired/,
Epcot Food and Wine Festival Review: Party for the Senses,http://www.disneyfoodblog.com/2017/07/13/epcot-food-and-wine-festival-review-party-for-the-senses-2/,
Epcot Food and Wine Festival Beverage Seminar Review: Fall Flavors From Shipyard Brewing,http://www.disneyfoodblog.com/2017/07/13/epcot-food-and-wine-festival-beverage-seminar-review-fall-flavors-from-shipyard-brewing/,
Epcot Food and Wine Festival Review: Lobster Creole Culinary Demo with the Authors of Good Catch,http://www.disneyfoodblog.com/2017/07/13/epcot-food-and-wine-festival-review-lobster-creole-culinary-demo-with-the-authors-of-good-catch/,
Epcot Food and Wine Festival Review: CakeLove Healthy Bites by Warren Brown,http://www.disneyfoodblog.com/2017/07/13/epcot-food-and-wine-festival-review-cakelove-healthy-bites-by-warren-brown/,
New DFB Video: EAT THIS at Disney Springs Part 2!,http://www.disneyfoodblog.com/2017/07/13/new-dfb-video-eat-this-at-disney-springs-part-2/,
Confirmed! Food and Wine Festival Early Booking Date and Discounts For TiW and DVC Members and Annual Passholders,http://www.disneyfoodblog.com/2017/07/13/confirmed-food-and-wine-festival-early-booking-date-and-discounts-for-tiw-and-dvc-members-an-annual-passholders/,
New DFB Video: Sneak Peek at the 2017 Epcot Food and Wine Festival!,http://www.disneyfoodblog.com/2017/07/17/new-dfb-video-sneak-peek-at-the-2017-epcot-food-and-wine-festival/,
News! 2017 Epcot Food and Wine Festival Culinary Demos Beverage Seminar and Mix It Make It Celebrate It Workshop FULL SCHEDULES and Details!,http://www.disneyfoodblog.com/2017/07/17/news-2017-epcot-food-and-wine-festival-culinary-demos-beverage-seminar-and-mix-it-make-it-celebrate-it-workshop-full-schedules-and-details/,
News: Gluten Free Eats at the 2017 International Food and Wine Festival at Epcot!,http://www.disneyfoodblog.com/2017/07/17/news-gluten-free-eats-at-the-2017-international-food-and-wine-festival-at-epcot/,
STAR WARS HOTEL Coming to DISNEY WORLD!,http://www.disneyfoodblog.com/2017/07/17/star-wars-inspired-themed-resort-will-offer-completely-immersive-guest-experience/,
News: “The Triple Play” One Day Only Special at Casey’s Corner July 19,http://www.disneyfoodblog.com/2017/07/18/news-the-triple-play-one-day-only-special-at-caseys-corner-july-19/,
The DFB Guide to the 2017 Epcot Food and Wine Festival e-Book FINAL EDITION is HERE!,http://www.disneyfoodblog.com/2017/07/18/the-dfb-guide-to-the-2017-epcot-food-and-wine-festival-e-book-final-edition-is-here/,
Refreshment Carts with Character at Disney World Golf Courses,http://www.disneyfoodblog.com/2017/07/16/refreshment-carts-with-character-at-disney-world-golf-courses/,
News and Review: Pretzels at Magic Kingdom’s Lunching Pad — Our Favorites are BACK!,http://www.disneyfoodblog.com/2017/07/19/news-and-review-pretzels-at-magic-kingdoms-lunching-pad-our-favorites-are-back/,
Review: The NEW Mint Julep at Disneyland’s Mint Julep Bar,http://www.disneyfoodblog.com/2017/07/19/review-the-new-mint-julep-at-disneylands-mint-julep-bar/,
2017 Epcot Food and Wine Festival Booth Preview: Active Eats and Flavors from Fire,http://www.disneyfoodblog.com/2017/07/20/2017-epcot-food-and-wine-festival-booth-preview-active-eats-and-flavors-from-fire/,
Spotted: Super Fun T-Shirts Celebrating Disney Snacks,http://www.disneyfoodblog.com/2017/07/22/spotted-super-fun-t-shirts-celebrating-disney-snacks/,
New DFB Video: ULTIMATE Disney Ice Cream Sundaes You’ve GOTTA Try!,http://www.disneyfoodblog.com/2017/07/21/new-dfb-video-ultimate-disney-ice-cream-sundaes-youve-gotta-try/,
News: Disney World Annual Passholders Increased Dining Discount Through Sept. 30th,http://www.disneyfoodblog.com/2017/07/21/news-disney-world-annual-passholders-increased-dining-discount-through-sept-30th/,
News! The Return of PLASTIC CHEESE at Casey’s Corner!,http://www.disneyfoodblog.com/2017/07/21/news-the-return-of-plastic-cheese-at-caseys-corner/,
